,Symbol
0,CTAS
1,VZ
2,GME
3,POM
4,AMZN
5,CNP
6,CAT
7,AAPL
8,BF-B
9,ZNGA
10,PM
11,TEL
12,PLL
13,CMCSA
14,GRMN
15,SE
16,AGN
17,CAH
18,CBG
19,WPX
20,TROW
21,HRS
22,PX
23,ADT
24,ANF
25,FSLR
26,GMCR
27,PFE
28,MAR
29,VRSN
30,FITB
31,ABC
32,KMI
33,SD
34,SYK
35,LTD
36,MMC
37,CELG
38,TIF
39,CNX
40,CBS
41,ZLC
42,PEP
43,TIBX
44,PLD
45,GOOG
46,MMM
47,EMN
48,PCG
49,AMT
50,ADI
51,HCBK
52,MAS
53,ANN
54,CAG
55,MGM
56,MAT
57,UA
58,VLO
59,UPS
60,GAS
61,GNW
62,MHFI
63,CME
64,JWN
65,EMR
66,OKE
67,SYY
68,GILD
69,SNA
70,MS
71,WMT
72,RTN
73,HOV
74,TWX
75,JCP
76,ALXN
77,DG
78,CVX
79,NU
80,VALE
81,MO
82,TXN
83,KLAC
84,UNM
85,INTC
86,BK
87,BLL
88,JDSU
89,NI
90,HP
91,GT
92,TWC
93,GS
94,BLK
95,LOW
96,MA
97,CVC
98,BIG
99,DF
100,SNI
101,DFS
102,PRU
103,CTSH
104,BCR
105,SHW
106,MCHP
107,APOL
108,APC
109,LLL
110,VTR
111,XRX
112,GPS
113,HIG
114,MU
115,TXT
116,ETFC
117,PDCO
118,APD
119,HD
120,FIS
121,IPG
122,ESV
123,UNP
124,DO
125,AMAT
126,LLY
127,JNPR
128,RRC
129,NTAP
130,HCN
131,MSI
132,AKAM
133,SNDK
134,RSG
135,IR
136,HAL
137,FLWS
138,BBRY
139,DISCA
140,EW
141,LMT
142,PETS
143,LM
144,CI
145,PPL
146,WFM
147,EQT
148,SLB
149,WIN
150,EL
151,WFC
152,ARO
153,WYNN
154,PSX
155,MRK
156,JNJ
157,SHLD
158,RSH
159,QCOM
160,TYC
161,BAC
162,NBR
163,CF
164,BRK-B
165,CA
166,SEE
167,FDO
168,DHI
169,SFLY
170,FE
171,BBY
172,DNB
173,IRM
174,DKS
175,SLM
176,TSLA
177,WLP
178,FB
179,DGX
180,CRM
181,BMS
182,EQR
183,HBAN
184,COST
185,ED
186,BAX
187,FL
188,DHR
189,ARG
190,SCG
191,WEC
192,MOS
193,WM
194,ICE
195,KRFT
196,R
197,STX
198,TE
199,COG
200,RHI
201,CCL
202,TMO
203,NTRI
204,CCE
205,AIZ
206,PHM
207,MSFT
208,TGT
209,ALL
210,BSX
211,CLF
212,SWY
213,FAST
214,SWK
215,SRCL
216,ABBV
217,AFL
218,GES
219,EXPR
220,MCD
221,VAR
222,WTW
223,STJ
224,IFF
225,PGR
226,EFX
227,MET
228,LYB
229,ACT
230,NFLX
231,VPRT
232,MCP
233,PNR
234,FISV
235,KEY
236,ACN
237,COH
238,HSP
239,ATVI
240,CINF
241,LIFE
242,TM
243,ACI
244,AEP
245,CHRW
246,RDC
247,COF
248,PRGO
249,VMC
250,HSY
251,T
252,HPQ
253,S
254,ORCL
255,CFN
256,DUK
257,TAP
258,NUE
259,ZMH
260,FFIV
261,MCK
262,A
263,DELL
264,AIG
265,CIM
266,EBAY
267,WY
268,F
269,NTRS
270,DPS
271,RF
272,MON
273,THC
274,RHT
275,JOSB
276,RAI
277,AEE
278,DRI
279,NRG
280,CMG
281,VITC
282,IBM
283,ADP
284,PEG
285,MKC
286,CMI
287,CAB
288,AMD
289,BWA
290,PCP
291,LLTC
292,HRL
293,PG
294,BXP
295,XOM
296,USB
297,FRX
298,VFC
299,MAC
300,SO
301,KMX
302,LRCX
303,DTE
304,PCL
305,BTU
306,HRB
307,NDAQ
308,PFG
309,WYN
310,TER
311,FTR
312,ROP
313,XEL
314,IGT
315,DTV
316,KMB
317,CMA
318,SPG
319,CAM
320,DLTR
321,TJX
322,WPO
323,SBUX
324,EMC
325,YUM
326,CMS
327,PH
328,FTI
329,BBBY
330,ROK
331,MDLZ
332,NWL
333,PCAR
334,MDT
335,TRIP
336,YHOO
337,TEG
338,ABT
339,ADM
340,AMP
341,CHK
342,OMC
343,HOG
344,NEE
345,MUR
346,WAG
347,CSX
348,AZO
349,MPC
350,KR
351,FCX
352,DOW
353,WMB
354,KSU
355,DLX
356,FLR
357,AN
358,TRV
359,GPC
360,HON
361,BA
362,CSC
363,APA
364,GE
365,SNE
366,SKS
367,JEC
368,HCP
369,NOK
370,PAYX
371,MYL
372,INTU
373,DD
374,PBCT
375,CPB
376,NILE
377,BEN
378,WDC
379,BIIB
380,ZION
381,APH
382,NFX
383,WHR
384,FLS
385,NVDA
386,JCI
387,NEM
388,KSS
389,AMGN
390,DOV
391,LEG
392,ALTR
393,PWR
394,UNH
395,NE
396,GRPN
397,HES
398,LEN
399,AA
400,NLY
401,CERN
402,NOV
403,AVB
404,HOT
405,GM
406,AVP
407,DIS
408,SAI
409,WAT
410,JOY
411,PXD
412,DE
413,SIRI
414,NOC
415,CSCO
416,CVS
417,GD
418,AVY
419,KO
420,IVZ
421,AXP
422,SYMC
423,ISRG
424,MOLX
425,MTB
426,TSO
427,HAS
428,NBL
429,EA
430,ARNA
431,LNC
432,BHI
433,CTXS
434,EXC
435,ESRX
436,BEAM
437,URBN
438,FDX
439,VIAB
440,TSS
441,BKS
442,MWV
443,NWSA
444,DNR
445,MNST
446,ADSK
447,BMC
448,SJM
449,ATI
450,ETN
451,XYL
452,BMY
453,PETM
454,XLNX
455,DDS
456,FMC
457,ITW
458,DAL
459,TSN
460,QEP
461,HAR
462,BBT
463,BRCM
464,MRO
465,NKE
466,LH
467,GWW
468,CL
469,PSA
470,BDX
471,ETR
472,FHN
473,LO
474,CB
475,PPG
476,OI
477,IP
478,JBL
479,CTL
480,OXY
481,M
482,GCI
483,WU
484,PBI
485,ADBE
486,EIX
487,C
488,STI
489,COV
490,DSW
491,D
492,DVA
493,TDC
494,V
495,SRE
496,ACE
497,AON
498,TMK
499,X
500,EXPD
501,SPLS
502,LUV
503,SIAL
504,PNW
505,RL
506,GIS
507,ECL
508,EOG
509,KIM
510,CLX
511,MCO
512,UTX
513,AEO
514,COP
515,ORLY
516,XRAY
517,LUK
518,JPM
519,FLIR
520,ROST
521,K
522,DVN
523,PNC
524,SWN
525,L
526,SCHL
527,COL
528,NSC
529,AES
530,EXPE
531,MJN
532,HUM
533,HST
534,LSI
535,STT
536,AET
537,PCLN
538,FOSL
539,CCI
540,P
541,AIV
542,SCHW
543,STZ
544,GLW
545,DLPH
546,PKI
547,NYX
548,XL
549,VNO
549,DDD
549,WUBA
549,EGHT
549,EGHT
549,AIR
549,AAN
549,ABB
549,ABM
549,AKR
549,ACCO
549,ATU
549,AYI
549,GOLF
549,ADX
549,AGRO
549,ADNT
549,ATGE
549,AAP
549,ADSW
549,WMS
549,ASX
549,ASIX
549,ACM
549,AEG
549,AER
549,AJRD
549,AMG
549,AGCO
549,AEM
549,ADC
549,AL
549,AYR
549,AKS
549,ALG
549,AGI
549,ALK
549,AIN
549,ALB
549,ALEX
549,ALX
549,ARE
549,AQN
549,BABA
549,Y
549,ALLE
549,ALE
549,ADS
549,AWF
549,AB
549,LNT
549,NFJ
549,ALSN
549,ALLY
549,AOD
549,AYX
549,ATUS
549,ACH
549,ABEV
549,AMC
549,AMOV
549,AMOV
549,AMX
549,AAT
549,AXL
549,ACC
549,AEL
549,AFG
549,AMH
549,AWR
549,AWK
549,COLD
549,APU
549,AMN
549,AME
549,ANDV
549,ANDX
549,AU
549,BUD
549,AXE
549,AMGP
549,AM
549,AR
549,ANTM
549,ANTX
549,ARI
549,APO
549,APLE
549,AIT
549,ATR
549,APTV
549,WTR
549,ARMK
549,MT
549,ARCH
549,ARNC
549,ARCO
549,ARD
549,ARES
549,ANET
549,ARR
549,AWI
549,ARW
549,AJG
549,APAM
549,ABG
549,ASGN
549,ASH
549,AHL
549,ASB
549,AGO
549,AZN
549,HOME
549,ATH
549,ATO
549,AUO
549,ATHM
549,ALV
549,AGR
549,AVYA
549,AVH
549,AVA
549,AVT
549,AVX
549,AXTA
549,AXS
549,AZUL
549,AZZ
549,BGS
549,BMI
549,BHGE
549,BBN
549,BANC
549,BBVA
549,BBD
549,BBDO
549,BCH
549,BLX
549,BSMX
549,BSBR
549,BSAC
549,SAN
549,CIB
549,BXS
549,BOH
549,BMO
549,NTB
549,BNS
549,BKU
549,BCS
549,B
549,ABX
549,BFR
549,BBX
549,BCE
549,BDC
549,BEL
549,BHE
549,BHLB
549,BERY
549,BSTI
549,BHP
549,BBL
549,BHVN
549,BIO
549,BITA
549,BKH
549,BKI
549,BSM
549,BB
549,HYT
549,BTZ
549,BDJ
549,BTT
549,BCX
549,BXG
549,BWP
549,BCC
549,BAH
549,SAM
549,BOX
549,BYD
549,BPMP
549,BP
549,BRC
549,BDN
549,BAK
549,BRFS
549,BFAM
549,BEDU
549,BSIG
549,EAT
549,BCO
549,BTI
549,BRX
549,BR
549,BKD
549,BAM
549,BBU
549,BIP
549,BEP
549,BRO
549,BC
549,BT
549,BPL
549,BKE
549,BVN
549,BG
549,BURL
549,BWXT
549,CJ
549,CABO
549,CBT
549,CACI
549,WHD
549,CADE
549,CAE
549,CAL
549,CRC
549,CWT
549,ELY
549,CPE
549,CBM
549,CPT
549,CCJ
549,CWH
549,GOOS
549,CM
549,CNI
549,CNQ
549,CP
549,CNNE
549,CAJ
549,CMD
549,BXMT
549,CSL
549,CUK
549,CRS
549,CARS
549,CRI
549,CTLT
549,CBZ
549,CBRE
549,FUN
549,CE
549,CLS
549,CPAC
549,CX
549,CVE
549,CNC
549,EBR
549,CGG
549,GIB
549,CRL
549,CMCM
549,CHGG
549,CHE
549,CC
549,CHSP
549,CPK
549,CBI
549,CHS
549,CEA
549,LFC
549,CHL
549,SNP
549,ZNH
549,CHA
549,CHU
549,CYD
549,CHH
549,CHT
549,CHD
549,CIEN
549,XEC
549,CNK
549,CISN
549,CIT
549,CFG
549,CLH
549,CCO
549,CEM
549,CLDR
549,CNA
549,CNHI
549,CNO
549,CEO
549,CNXM
549,KOF
549,CDE
549,CNS
549,UTF
549,RQI
549,CFX
549,CLNS
549,CXP
549,FIX
549,CMC
549,CBU
549,CIG
549,CBD
549,SBS
549,ELP
549,CCU
549,CODI
549,CMP
549,CXO
549,CNDT
549,CSTM
549,CBPX
549,CLR
549,CVG
549,CTB
549,CPS
549,CPA
549,CLB
549,CXW
549,CLGX
549,COR
549,CAAP
549,CCT
549,OFC
549,CZZ
549,COTV
549,COT
549,COTY
549,CUZ
549,CVA
549,CPL
549,CR
549,BAP
549,CS
549,CPG
549,CEQP
549,CRH
549,CCK
549,CTS
549,CUBE
549,CUB
549,CFR
549,CW
549,CUBI
549,CVI
549,CVRR
549,CYS
549,DAN
549,DAR
549,DCP
549,DCT
549,DDR
549,DECK
549,DK
549,DVMT
549,DESP
549,DB
549,DEO
549,DRH
549,DBD
549,DLR
549,DIN
549,DPLO
549,DLB
549,DM
549,DPZ
549,UFS
549,DCI
549,DSL
549,PLOW
549,DEI
549,DWDP
549,RDY
549,DRQ
549,DST
549,DNP
549,DRE
549,DXC
549,DY
549,SSP
549,EXP
549,DEA
549,EGP
549,ETV
549,ETW
549,EV
549,EVT
549,ETG
549,ETY
549,EXG
549,EC
549,EDR
549,EHIC
549,EE
549,ELLI
549,ERJ
549,EME
549,EEX
549,EBS
549,ESRT
549,EIG
549,EDN
549,ENBL
549,EEP
549,ENB
549,ECA
549,EHC
549,ENIA
549,ENIC
549,EOCC
549,EGN
549,ENR
549,EPC
549,ETE
549,ETP
549,ERF
549,ENS
549,EGL
549,E
549,ENLK
549,ENLC
549,NPO
549,ETM
549,EPD
549,ENV
549,EVHC
549,EPAM
549,EPR
549,EQGP
549,EQM
549,EQC
549,ELS
549,ESE
549,ESNT
549,ESS
549,ESL
549,EURN
549,EVR
549,RE
549,ES
549,EVTC
549,EVH
549,AQUA
549,STAY
549,EXTN
549,EXR
549,FNB
549,FN
549,FDS
549,FICO
549,FMSA
549,SFUN
549,FBK
549,FFG
549,FCB
549,FRT
549,FSS
549,FII
549,RACE
549,FOE
549,FG
549,FCAU
549,FBR
549,FNF
549,FAF
549,FBP
549,FCFS
549,FCFS
549,FCF
549,FDC
549,FR
549,AG
549,FRC
549,FPF
549,FIT
549,FPH
549,FBC
549,FLT
549,FND
549,FLO
549,FMX
549,FOR
549,FTS
549,FTV
549,FTAI
549,FBHS
549,FET
549,FCPT
549,FNV
549,FI
549,FMS
549,FDP
549,FSIC
549,FCN
549,FTSI
549,GDV
549,GAB
549,GDI
549,IT
549,GLOG
549,GLOP
549,GTES
549,GATX
549,GZT
549,GCP
549,GNRC
549,BGC
549,GWR
549,GEL
549,G
549,GEO
549,GGB
549,GTY
549,GGP
549,GIL
549,GLT
549,GKOS
549,GSK
549,CO
549,GNL
549,GPN
549,GLOB
549,GMED
549,GMS
549,GDDY
549,GOL
549,GFI
549,GG
549,GGG
549,GHC
549,GPT
549,GVA
549,GPK
549,GTN
549,GXP
549,GWB
549,GDOT
549,GBX
549,GHG
549,GEF
549,GFF
549,GPI
549,GRUB
549,PAC
549,ASR
549,AVAL
549,SUPV
549,TV
549,GTT
549,GSH
549,GWRE
549,FUL
549,HAE
549,HYH
549,HBI
549,HASI
549,HMY
549,HSC
549,HE
549,HCA
549,HDB
549,HR
549,HTA
549,HL
549,HEI
549,HLX
549,HLF
549,HRI
549,HTGC
549,HTZ
549,HESM
549,HPE
549,HXL
549,HF
549,HCLP
549,HFRO
549,HIW
549,HI
549,HRC
549,HTH
549,HGV
549,HLT
549,HNI
549,HEP
549,HFC
549,HMC
549,HMN
549,HLI
549,HHC
549,HRG
549,HSBC
549,HNP
549,HUBB
549,HUBS
549,HBM
549,HUD
549,HPP
549,HII
549,HUN
549,H
549,HY
549,IAG
549,IBN
549,IDA
549,IEX
549,IMAX
549,IBA
549,INFY
549,ING
549,NGVT
549,INGR
549,IPHI
549,NSP
549,IBP
549,INST
549,ITGR
549,IHG
549,INXN
549,XON
549,IVR
549,INVH
549,IQV
549,IRS
549,ICL
549,ITCB
549,ITUB
549,ITT
549,JAG
549,JHX
549,JHG
549,JBGS
549,JELD
549,JT
549,JBT
549,JLL
549,KAI
549,KAMN
549,KS
549,KAR
549,KYN
549,KB
549,KBH
549,KBR
549,FRAC
549,KEM
549,KMPR
549,KMT
549,KW
549,KEYS
549,KRC
549,KGC
549,KEX
549,KL
549,KRG
549,KKR
549,KREF
549,KMG
549,KNX
549,KNL
549,KN
549,PHG
549,KOP
549,KEP
549,KFY
549,KOS
549,KRA
549,KRO
549,KT
549,KYO
549,LB
549,LQ
549,LADR
549,LW
549,LPI
549,LVS
549,LHO
549,LTM
549,LAZ
549,LZB
549,LCII
549,LEA
549,LDOS
549,LC
549,LII
549,LXP
549,LPL
549,USA
549,LBRT
549,LPT
549,LNN
549,LN
549,LAD
549,LYV
549,LYG
549,LOMA
549,LPX
549,LTC
549,LXFT
549,WLH
549,MDC
549,MHO
549,CLI
549,MIC
549,BMA
549,MMP
549,MGA
549,MAIN
549,MNK
549,MANU
549,MTW
549,MAN
549,MFC
549,MMI
549,MKL
549,VAC
549,MLM
549,DOOR
549,MTZ
549,MTDR
549,MTRN
549,MATX
549,MAXR
549,MMS
549,MXL
549,MDR
549,MDU
549,MPW
549,MED
549,MD
549,MCY
549,MDP
549,MTH
549,MTOR
549,MEI
549,MTD
549,MFA
549,MTG
549,MGP
549,KORS
549,MFGP
549,MAA
549,MCRN
549,MTX
549,MUFG
549,MFG
549,MBT
549,MOD
549,MC
549,MHK
549,MOH
549,MNR
549,MOV
549,MPLX
549,MRC
549,MSA
549,MSM
549,MSCI
549,MSGN
549,MLI
549,MWA
549,MULE
549,MUSA
549,MYOV
549,NBHC
549,NFG
549,NGG
549,NHI
549,NNN
549,SID
549,NSA
549,NSM
549,NCI
549,NAV
549,NCS
549,NCR
549,NP
549,NNI
549,NVRO
549,NEWM
549,NMFC
549,EDU
549,NEWR
549,NRZ
549,NYCB
549,NYT
549,NJR
549,NEU
549,NEXA
549,NEP
549,NGL
549,NLSN
549,NOAH
549,NBLX
549,NOMD
549,NMR
549,OSB
549,NWN
549,NWE
549,NCLH
549,NCLH
549,NVS
549,NVO
549,DNOW
549,NYLD
549,NUS
549,NS
549,NTR
549,NVG
549,NUV
549,NEA
549,NAC
549,JQC
549,NZF
549,NRK
549,JPC
549,JPS
549,NAD
549,BXMX
549,NVR
549,OAK
549,OAS
549,OII
549,OZM
549,OGE
549,OIS
549,ORI
549,OLN
549,OHI
549,OGS
549,OMF
549,ONE
549,ORAN
549,OA
549,OEC
549,IX
549,ORA
549,OSK
549,OR
549,OUT
549,OMI
549,OC
549,OXM
549,PKG
549,PAGS
549,PANW
549,PAM
549,PGRE
549,PK
549,PE
549,PRTY
549,PAYC
549,PBF
549,PSO
549,PEB
549,PBA
549,PMT
549,PAG
549,PEN
549,PFGC
549,PZE
549,PTR
549,PBR
549,PGTI
549,PGTI
549,PSXP
549,DOC
549,PDM
549,PTY
549,PCI
549,PDI
549,PHK
549,PF
549,PJC
549,PJT
549,PAA
549,PAGP
549,PLNT
549,PLT
549,PAH
549,PHI
549,PNM
549,PII
549,POL
549,POR
549,PKX
549,POST
549,PPDF
549,PQG
549,PDS
549,PBH
549,PVG
549,PRI
549,PRA
549,PUMP
549,PRO
549,PB
549,PRLB
549,PFS
549,PUK
549,PSB
549,TLK
549,PSTG
549,PVH
549,QTWO
549,QGEN
549,QGEN
549,QTS
549,QUAD
549,KWR
549,QCP
549,QD
549,QUOT
549,CTX
549,RDN
549,RPT
549,RJF
549,RYAM
549,RYN
549,RMAX
549,RLGY
549,O
549,RWT
549,RBC
549,REG
549,RGA
549,RS
549,RENX
549,RELX
549,RNR
549,RMD
549,RFP
549,QSR
549,RPAI
549,REVG
549,REV
549,REXR
549,RXN
549,RH
549,RMP
549,RNG
549,RIO
549,RBA
549,RAD
549,RLI
549,RLJ
549,RCI
549,ROG
549,ROL
549,RY
549,RBS
549,RCL
549,RVT
549,RES
549,RPM
549,RSPP
549,RTEC
549,RHP
549,SPGI
549,SAIL
549,SBH
549,SNY
549,SC
549,SAP
549,SSL
549,BFS
549,SNDR
549,SWM
549,SAIC
549,SMG
549,CKH
549,SSW
549,SEAS
549,WTTR
549,SEM
549,SEMG
549,SMI
549,SEND
549,ST
549,SXT
549,SRG
549,SCI
549,SERV
549,NOW
549,SHAK
549,SJR
549,SHLX
549,SHG
549,SFL
549,SHOP
549,SSTK
549,SBGL
549,SIG
549,SSD
549,SHI
549,SITE
549,SIX
549,SJW
549,SKM
549,SKX
549,SLG
549,SM
549,SNN
549,AOS
549,SNAP
549,SQM
549,SOGO
549,SON
549,BID
549,SJI
549,SCCO
549,SWX
549,SEP
549,SPB           
549,SR
549,SPR
549,SAVE
549,SAVE
549,SRC
549,SPOT
549,SPXC
549,FLOW
549,SQ
549,JOE
549,STAG
549,SMP
549,SXI
549,STN
549,STWD
549,STO
549,SCS
549,SCL
549,STE
549,STL
549,STC
549,SF
549,STM
549,STOR
549,RGR
549,SPH
549,SMFG
549,INN
549,SUM
549,SMLP
549,SUI
549,SLF
549,SU
549,STG
549,SUN
549,SHO
549,SPN
549,SWCH
549,SYF
549,SNX
549,SNV
549,SYX
549,DATA
549,TAHO
549,TLRD
549,TSM
549,TAL
549,TEGP
549,TEP
549,SKT
549,TPR
549,TRGP
549,TARO
549,TTM
549,TCO
549,TMHC
549,TCP
549,TCF
549,TECK
549,TGP
549,TOO
549,TGNA
549,TDOC
549,TEO
549,TI
549,TDY
549,TFX
549,VIV
549,TEF
549,TDS
549,TU
549,TPX
549,TS
549,TNC
549,TEN
549,TEX
549,TX
549,TRNO
549,TEVA
549,TPL
549,TGH
549,BX
549,COO
549,THG
549,MSG
549,MSG
549,TPRE
549,TRI
549,THO
549,TSU
549,TKR
549,TOL
549,TR
549,BLD
549,TTC
549,TD
549,TYG
549,TOT
549,TRTX
549,TSLX
549,TAC
549,TRP
549,TDG
549,RIG
549,TGS
549,TRU
549,TVPT
549,THS
549,TREX
549,TY
549,TPH
549,TRCO
549,TNET
549,TRN
549,TSE
549,TRTN
549,TGI
549,TROX
549,TBI
549,TUP
549,TKC
549,TRQ
549,TPC
549,TWLO
549,TWTR
549,TWO
549,TYL
549,USPH
549,SLCA
549,UBS
549,UDR
549,UGI
549,UGP
549,UAA
549,UNF
549,UN
549,UL
549,UNT
549,UAL
549,UMC
549,URI
549,USM
549,UNVR
549,UVV
549,UHS
549,UVE
549,UE
549,USFD
549,USAC
549,USNA
549,USG
549,BIF
549,MTN
549,VRX
549,VLP
549,VHI
549,VR
549,VLY
549,VMI
549,VVV
549,VGR
549,VVC
549,VEDL
549,VEEV
549,VNTR
549,VER
549,PAY
549,VET
549,VSM
549,VVI
549,VICI
549,VCO
549,VIPS
549,VSH
549,VSTO
549,VST
549,VMW
549,VG
549,VOYA
549,WPC
549,WRB
549,GRA
549,WNC
549,WBC
549,WDR
549,WAGE
549,WD
549,HCC
549,WPG
549,WRE
549,WCN
549,WSO
549,WTS
549,W
549,WFT
549,WBS
549,WRI
549,WMK
549,WBT
549,WCG
549,WELL
549,WAIR
549,WCC
549,WST
549,WR
549,WAL
549,WGP
549,WES
549,WAB
549,WLK
549,WBK
549,WRK
549,WEX
549,WGL
549,WPM
549,WTM
549,WLL
549,WRD
549,WPZ
549,WSM
549,WGO
549,WIT
549,WNS
549,WWW
549,WF
549,WK
549,INT
549,WWE
549,WP
549,WOR
549,WPP
549,XHR
549,XPO
549,AUY
549,YELP
549,YEXT
549,YRD
549,YPF
549,YUMC
549,ZAYO
549,ZEN
549,ZBH
549,ZTS
549,ZTO
549,ZUO
549,SRCE
549,TWOU
549,JOBS
549,CAFD
549,SHLM
549,AAON
549,ABAX
549,ABEO
549,ABMD
549,ABLX
549,ACIA
549,ACHC
549,ACAD
549,AXDX
549,XLRN
549,ACIW
549,ACOR
549,ACXM
549,ADAP
549,AEIS
549,AERI
549,AVAV
549,AGIO
549,AGNC
549,AGNCB
549,AIMT
549,ATSG
549,AKCA
549,AKRX
549,ALRM
549,ALDR
549,ALGN
549,ALKS
549,ALGT
549,AHGP
549,ARLP
549,MDRX
549,ALNY
549,GOOGL
549,AMR
549,AABA
549,AIMC
549,AMBA
549,AMCX
549,DOX
549,AMED
549,UHAL
549,AAL
549,ANAT
549,AMWD
549,ABCB
549,AMSF
549,FOLD
549,AMKR
549,AFSI
549,ALOG
549,ANAB
549,ANGI
549,ANSS
549,APLS
549,APOG
549,AINV
549,APPF
549,APPN
549,APTI
549,ACGL
549,APLP
549,ARCC
549,ARGX
549,AGII
549,ARRY
549,ARRS
549,ASND
549,ASML
549,AZPN
549,ASMB
549,ASTE
549,ATRO
549,ATRA
549,ATHN
549,ATNX
549,AY
549,AAWW
549,TEAM
549,ATNI
549,ATRI
549,BOLD
549,AVXS
549,CAR
549,AXGN
549,AAXN
549,BIDU
549,BCPC
549,BANF
549,OZRK
549,BANR
549,BZUN
549,BECN
549,BGNE
549,BNCL
549,BGCP
549,BILI
549,BMRN
549,TECH
549,BEAT
549,BJRI
549,BLKB
549,HAWK
549,BL
549,BLMN
549,BCOR
549,BUFF
549,BLUE
549,BPMC
549,BMCH
549,BOFI
549,WIFI
549,BOKF
549,BKNG
549,BPFH
549,EPAY
549,BHF
549,AVGO
549,BPY
549,BRKL
549,BRKS
549,BRKR
549,BLDR
549,CCMP
549,CDNS
549,CZR
549,CSQ
549,CVGW
549,CALM
549,CSIQ
549,CPLA
549,CFFN
549,CATM
549,CTRE
549,CARG
549,CRZO
549,CASA
549,CWST
549,CASY
549,CATY
549,CVCO
549,CAVM
549,CBOE
549,CDK
549,CDW
549,CLLS
549,CDEV
549,CSFL
549,CENT
549,CENTA
549,CENX
549,CYOU
549,GTLS
549,CHTR
549,CHKP
549,CHFC
549,PLCE
549,CBPO
549,HTHT
549,CHDN
549,CMPR
549,CRUS
549,CHCO
549,CLVS
549,COKE
549,CCOI
549,CGNX
549,COHR
549,CIGI
549,COLB
549,COLM
549,CBSH
549,CBSHP
549,CHUBA
549,CHUBK
549,COMM
549,CVLT
549,CNMD
549,CNOB
549,CPRT
549,CORT
549,CORE
549,CSOD
549,CRVL
549,CSGP
549,COUP
549,CBRL
549,CACC
549,CREE
549,CRESY
549,CRSP
549,CRTO
549,CROX
549,CRON
549,CSGS
549,CTRP
549,CVBF
549,CYBR
549,CY
549,CONE
549,CTMX
549,PLAY
549,DBVT
549,DNLI
549,DENN
549,DXCM
549,FANG
549,DIOD
549,DISCB
549,DISCK
549,DISH
549,DORM
549,DBX
549,DNKN
549,DVAX
549,EGBN
549,EWBC
549,EBIX
549,SATS
549,EDIT
549,ESLT
549,ERI
549,EFII
549,ENTA
549,ECPG
549,WIRE
549,ENDP
549,EIGI
549,ESGR
549,ENTG
549,EFSC
549,EPZM
549,PLUS
549,EQIX
549,ERIC
549,ERIE
549,ESPR
549,ETSY
549,EEFT
549,EVBG
549,EXAS
549,EXEL
549,EXLS
549,EXPO
549,XOG
549,EXTR
549,FANH
549,FARO
549,GSM
549,FGEN
549,ONEQ
549,FNGN
549,FNSR
549,FEYE
549,FBNC
549,BUSE
549,FCNCA
549,FFBC
549,FFIN
549,FHB
549,FIBK
549,FRME
549,FMBI
549,SKYY
549,FDT
549,FV
549,IFV
549,FTSM
549,HYLS
549,FEX
549,FTA
549,LMBS
549,FTXO
549,QTEC
549,FTSL
549,FSV
549,FIVE
549,FIVN
549,FLEX
549,FLXN
549,FSCT
549,FORM
549,FTNT
549,FWRD
549,FMI
549,FOXF
549,FELE
549,FULT
549,GTHX
549,GLPG
549,GLPI
549,GLIBA
549,GDS
549,GHDX
549,GNTX
549,THRM
549,ROCK
549,GIII
549,GBCI
549,GBT
549,GLNG
549,GMLP
549,GOGL
549,GBDC
549,GOV
549,LOPE
549,GRFS
549,OMAB
549,GGAL
549,GPOR
549,GWPH
549,HEES
549,HLG
549,HALO
549,HLNE
549,HBHC
549,HAFC
549,HA
549,HDS
549,HCSG
549,HQY
549,HTLD
549,HTLF
549,HELE
549,HSIC
549,HFWA
549,MLHR
549,HRTX
549,HIMX
549,HMSY
549,HOLI
549,HOLX
549,HOMB
549,HOPE
549,HZNP
549,HDP
549,HPT
549,TWNK
549,HMHC
549,HUBG
549,HBANO
549,HCM
549,IAC
549,IBKC
549,IEP
549,ICFI
549,ICLR
549,ICUI
549,IDXX
549,INFO
549,IIVI
549,KANG
549,ILG
549,ILMN
549,IMGN
549,IMMU
549,IPXL
549,IMPV
549,INCY
549,INDB
549,IBTX
549,ILPT
549,INFN
549,IPCC
549,IOSP
549,INVA
549,INGN
549,INOV
549,NSIT
549,INSM
549,PODD
549,IART
549,IDTI
549,NTLA
549,IPAR
549,IBKR
549,ICPT
549,IDCC
549,TILE
549,IBOC
549,ISCA
549,XENT
549,ITCI
549,ISBC
549,IONS
549,IOVA
549,IPGP
549,IQ
549,IRTC
549,IRDM
549,IRBT
549,IRWD
549,IRCP
549,CSJ
549,SHY
549,TLT
549,IEI
549,IEF
549,AIA
549,ISTB
549,IXUS
549,IUSG
549,IUSV
549,IUSB
549,XT
549,IGF
549,CIU
549,IGOV
549,EMB
549,MBB
549,ACWX
549,ACWI
549,AAXJ
549,MCHI
549,SCZ
549,EUFN
549,IBB
549,SOXX
549,INDY
549,IJT
549,DVY
549,SHV
549,CRED
549,PFF
549,ITRI
549,JJSF
549,JBHT
549,JCOM
549,JKHY
549,JACK
549,JRVR
549,JAZZ
549,JD
549,JBLU
549,KALU
549,KRNY
549,KELYA
549,KELYB
549,KNSL
549,KLXI
549,KTOS
549,KLIC
549,LBAI
549,LKFN
549,LAMR
549,LANC
549,LSTR
549,LAUR
549,LTXB
549,TREE
549,LX
549,LGIH
549,LHCG
549,LBRDA
549,LBRDK
549,LEXEA
549,LEXEB
549,LBTYA
549,LBTYB
549,LBTYK
549,LILA
549,LILAK
549,BATRK
549,FWONK
549,LSXMK
549,LPNT
549,LGND
549,LECO
549,LFUS
549,LIVN
549,LOB
549,LPSN
549,LKQ
549,LOGI
549,LOGM
549,LFIN
549,LORL
549,LOXO
549,LPLA
549,LULU
549,LITE
549,LMNX
549,MTSI
549,MGNX
549,MDGL
549,MGLN
549,MMYT
549,TUSK
549,MANH
549,MANT
549,MKTX
549,MRTN
549,MRVL
549,MASI
549,MTCH
549,MATW
549,MXIM
549,MZOR
549,MBFI
549,MGRC
549,MDSO
549,MEDP
549,MLCO
549,MLNX
549,MELI
549,MRCY
549,EBSB
549,MMSI
549,CASH
549,MEOH
549,MGEE
549,MGPI
549,MSCC
549,MSTR
549,MIME
549,MB
549,MRTX
549,MITL
549,MKSI
549,MINI
549,MNTA
549,MOMO
549,MDB
549,MPWR
549,TYPE
549,MNRO
549,MORN
549,MTSC
549,LABL
549,MYOK
549,MYGN
549,FIZZ
549,NGHC
549,NATI
549,NRCIB
549,EYE
549,NWLI
549,BABY
549,NAVI
549,NBTB
549,NKTR
549,NEOG
549,NTES
549,NTGR
549,NTCT
549,NBIX
549,NMRK
549,NWS
549,NXEO
549,NXST
549,EGOV
549,NICE
549,NMIH
549,NDSN
549,NWBI
549,NOVT
549,NVCR
549,NUAN
549,NTNX
549,NUVA
549,QQQX
549,NXPI
549,NXTM
549,ORIG
549,OCFC
549,OCLR
549,ODP
549,OKTA
549,ODFL
549,ONB
549,OLLI
549,OMCL
549,ON
549,OTEX
549,OPK
549,OPB
549,OSUR
549,ORBK
549,OFIX
549,OSIS
549,OTTR
549,OSTK
549,PPBI
549,PCRX
549,PACW
549,PAAS
549,PZZA
549,PATK
549,PEGI
549,PTEN
549,PCTY
549,PYPL
549,PDCE
549,PEGA
549,PENN
549,PAHC
549,PPC
549,PNK
549,PNFP
549,PLYA
549,PLXS
549,POOL
549,BPOP
549,PTLA
549,PCH
549,POWI
549,PKW
549,PDP
549,PRFZ
549,KBWB
549,PDBC
549,QQQ
549,PRAA
549,PRAH
549,PFBC
549,PINC
549,PSDO
549,PSMT
549,PRIM
549,USMC
549,PRGS
549,PFPT
549,TQQQ
549,PSEC
549,PRTA
549,PTC
549,PTCT
549,PBYI
549,QIWI
549,QRVO
549,QLYS
549,QDEL
549,QRTEA
549,QRTEB
549,RDUS
549,RDWR
549,RMBS
549,GOLD
549,RPD
549,RAVN
549,ROLL
549,RP
549,RRR
549,RDFN
549,REGN
549,RGNX
549,RNST
549,RGEN
549,ROIC
549,RTRX
549,RVNC
549,ROKU
549,RGLD
549,RUSHA
549,RUSHB
549,RYAAY
549,STBA
549,SBRA
549,SABR
549,SAFT
549,SAGE
549,SAIA
549,SAFM
549,SASR
549,SGMO
549,SANM
549,SRPT
549,SBAC
549,SCSC
549,SGMS
549,SBCF
549,SGEN
549,SEIC
549,SIR
549,SIGI
549,SMTC
549,SNH
549,SFBS
549,SHEN
549,SHPG
549,SBNY
549,SLGN
549,SLAB
549,SIMO
549,SPIL
549,SFNC
549,SINA
549,SBGI
549,SKYW
549,SWKS
549,SNBR
549,SGH
549,SODA
549,SOHU
549,SEDG
549,SONC
549,SSB
549,SBSI
549,ONCE
549,SPPI
549,SPLK
549,SFM
549,SPSC
549,SSNC
549,SSRM
549,STMP
549,STFC
549,STBZ
549,STLD
549,SHOO
549,SFIX
549,SSYS
549,STRA
549,SNHY
549,SPWR
549,RUN
549,SUPN
549,SIVB
549,SYKE
549,SYNA
549,SYNH
549,SNPS
549,SYNT
549,TTWO
549,TLND
549,CGBD
549,AMTD
549,TECD
549,TELL
549,TERP
549,TSRO
549,TTEK
549,TCBI
549,TXRH
549,TFSL
549,TGTX
549,ANDE
549,CG
549,CAKE
549,DSGX
549,ENSG
549,HAIN
549,KHC
549,MDCO
549,MIK
549,MIDD
549,NAVG
549,PRSC
549,RMR
549,SMPL
549,TSG
549,TTD
549,ULTI
549,TXMD
549,TBPH
549,TIG
549,TVTY
549,TIVO
549,TMUS
549,TSEM
549,TOWN
549,TSCO
549,TRS
549,TRMB
549,TRVG
549,TRUE
549,TRMK
549,TTEC
549,TTMI
549,FOX
549,FOXA
549,USCR
549,UBNT
549,ULTA
549,RARE
549,UMBF
549,UMPQ
549,UBSH
549,QURE
549,UBSI
549,UCBI
549,UFCS
549,UNFI
549,UTHR
549,UNIT
549,OLED
549,UFPI
549,ECOL
549,VWOB
549,VNQI
549,VCIT
549,VGIT
549,VYMI
549,VCLT
549,VMBS
549,VONG
549,VONV
549,VTWO
549,VCSH
549,VTIP
549,VGSH
549,BNDX
549,VXUS
549,VREX
549,VRNS
549,VEON
549,VRNT
549,VRSK
549,VRTX
549,VIA
549,VSAT
549,VIAV
549,VICR
549,CSA
549,VNOM
549,VIRT
549,VRTU
549,VC
549,VOD
549,WBA
549,WAFD
549,WASH
549,WVE
549,WDFC
549,WEB
549,WB
549,WEN
549,WERN
549,WSBC
549,WABC
549,WLTW
549,WSC
549,WING
549,WINS
549,WTFC
549,WETF
549,DGRW
549,WIX
549,WWD
549,WDAY
549,WRLD
549,WMGI
549,WSFS
549,XNCR
549,XPER
549,YNDX
549,YY
549,ZLAB
549,ZBRA
549,Z
549,ZG
549,ZGNX
549,ZS
